"common_name","total_number_specie","total_number_mat_specie","mat_proportion"
"Arrowtooth flounder",3516308066,1484818390,0.422266298097443
"Flathead sole",1177187089,651367009,0.553324968551367
"Pacific cod",371447592,196668836,0.529465906458212
"Pacific halibut",231599321,51411193,0.221983349424414
"Pacific ocean perch",726399124,598172052,0.823475734257631
"Rex sole",337841596,171177379.5,0.506679406937208
"Sablefish",167807086,55375089,0.329992554664825
"Walleye pollock",1557371022,1557371020,0.999999998715784
